{
  "claim_ceiling_preserved": true,
  "improvement_interval_status": "OVERLAPS_BASELINE_OR_UNDERPOWERED",
  "intervals": {
    "BPR": {
      "high": 0.9928401124630355,
      "low": 0.9401380081785267
    },
    "HAR": {
      "high": 0.03336950730350766,
      "low": 0.003931661276428175
    },
    "OCR": {
      "high": 0.5777610925944561,
      "low": 0.29682504164854573
    },
    "feature_ablation_collapse": {
      "high": 1,
      "low": 1
    },
    "nested_cv_mean": {
      "high": 310,
      "low": 298
    },
    "perturbation_flip_rate": {
      "high": 0.01,
      "low": 0.0
    },
    "replay_score": {
      "high": 0.6797888795975252,
      "low": 0.5627809046972941
    },
    "worst_slice_loss": {
      "high": 6,
      "low": 6
    }
  },
  "schema_id": "kt.v17_7_1.confidence_interval_scorecard.v1"
}
