{
  "claim_status": "STRONG_SUPPORTIVE_NOT_CANONICAL",
  "intercept_seconds": -0.1214569954026068,
  "pair_level_correlation": 0.9996091401809146,
  "r_squared": 0.9992184331332276,
  "slope_seconds_per_token": 0.08760432039291106,
  "unique_row_correlation": 0.9998265624349624
}
