{
  "leave_one_out_reduction_max": 0.1817925393131655,
  "leave_one_out_reduction_min": 0.1520005645332016,
  "max": 424,
  "mean": 51.56,
  "median": 29.0,
  "min": 0,
  "negative_rows": 0,
  "p10": 5.0,
  "p25": 22.5,
  "p50": 29.0,
  "p75": 39.0,
  "p90": 81.60000000000002,
  "positive_rows": 46,
  "top10_share": 0.6322730799069046,
  "top1_share": 0.16446858029480219,
  "top5_share": 0.5015515903801396,
  "trimmed_mean_10pct": 32,
  "zero_rows": 4
}
